"id","category","denominazione_regione","date","_x","_y","x","y","s_x","s_y","b_x","b_y","c_x","c_y"
"Emil-dece-0","deceduti","Emilia Romagna","2020-02-26",-224.55,-430.431,-224.55,-430.431,0.002,0.27,-221.448,-430.074,-221.448,-430.074
"Emil-tera-0","terapia_intensiva","Emilia Romagna","2020-02-26",-224.55,-430.431,-224.55,-430.431,0.084,0.828,-225.602,-427.294,-225.602,-427.294
"Emil-tera-1","terapia_intensiva","Emilia Romagna","2020-02-26",-224.55,-430.431,-224.55,-430.431,0.079,0.218,-221.778,-435.061,-221.778,-435.061
"Emil-tera-2","terapia_intensiva","Emilia Romagna","2020-02-26",-224.55,-430.431,-224.55,-430.431,0.088,0.155,-221.119,-425.086,-221.119,-425.086
"Emil-rico-0","ricoverati_con_sintomi","Emilia Romagna","2020-02-26",-224.55,-430.431,-224.55,-430.431,0.217,0.177,-230.088,-429.502,-230.088,-429.502
"Emil-rico-1","ricoverati_con_sintomi","Emilia Romagna","2020-02-26",-224.55,-430.431,-224.55,-430.431,0.257,0.915,-217.294,-432.853,-217.294,-432.853
"Emil-rico-2","ricoverati_con_sintomi","Emilia Romagna","2020-02-26",-224.55,-430.431,-224.55,-430.431,0.206,0.169,-225.273,-422.306,-225.273,-422.306
"Emil-rico-3","ricoverati_con_sintomi","Emilia Romagna","2020-02-26",-224.55,-430.431,-224.55,-430.431,0.232,0.606,-225.932,-432.282,-225.932,-432.282
"Emil-rico-4","ricoverati_con_sintomi","Emilia Romagna","2020-02-26",-224.55,-430.431,-224.55,-430.431,0.317,0.052,-216.964,-427.865,-216.964,-427.865
"Emil-rico-5","ricoverati_con_sintomi","Emilia Romagna","2020-02-26",-224.55,-430.431,-224.55,-430.431,0.316,0.881,-229.758,-424.514,-229.758,-424.514
"Emil-rico-6","ricoverati_con_sintomi","Emilia Romagna","2020-02-26",-224.55,-430.431,-224.55,-430.431,0.395,0.125,-217.623,-437.841,-217.623,-437.841
"Emil-rico-7","ricoverati_con_sintomi","Emilia Romagna","2020-02-26",-224.55,-430.431,-224.55,-430.431,0.385,0.97,-220.789,-420.097,-220.789,-420.097
"Emil-rico-8","ricoverati_con_sintomi","Emilia Romagna","2020-02-26",-224.55,-430.431,-224.55,-430.431,0.31,0.29,-230.418,-434.491,-230.418,-434.491
"Emil-rico-9","ricoverati_con_sintomi","Emilia Romagna","2020-02-26",-224.55,-430.431,-224.55,-430.431,0.138,0.901,-212.808,-430.644,-212.808,-430.644
"Emil-rico-10","ricoverati_con_sintomi","Emilia Romagna","2020-02-26",-224.55,-430.431,-224.55,-430.431,0.222,0.841,-229.429,-419.525,-229.429,-419.525
"Emil-rico-11","ricoverati_con_sintomi","Emilia Romagna","2020-02-26",-224.55,-430.431,-224.55,-430.431,0.383,0.276,-226.263,-437.27,-226.263,-437.27
"Emil-rico-12","ricoverati_con_sintomi","Emilia Romagna","2020-02-26",-224.55,-430.431,-224.55,-430.431,0.118,0.324,-216.634,-422.876,-216.634,-422.876
"Emil-rico-13","ricoverati_con_sintomi","Emilia Romagna","2020-02-26",-224.55,-430.431,-224.55,-430.431,0.349,0.147,-234.243,-426.723,-234.243,-426.723
"Emil-rico-14","ricoverati_con_sintomi","Emilia Romagna","2020-02-26",-224.55,-430.431,-224.55,-430.431,0.288,0.741,-213.138,-435.633,-213.138,-435.633
"Emil-rico-15","ricoverati_con_sintomi","Emilia Romagna","2020-02-26",-224.55,-430.431,-224.55,-430.431,0.358,0.5,-224.944,-417.317,-224.944,-417.317
"Emil-rico-16","ricoverati_con_sintomi","Emilia Romagna","2020-02-26",-224.55,-430.431,-224.55,-430.431,0.376,0.316,-230.747,-439.48,-230.747,-439.48
"Emil-rico-17","ricoverati_con_sintomi","Emilia Romagna","2020-02-26",-224.55,-430.431,-224.55,-430.431,0.232,0.485,-212.478,-425.656,-212.478,-425.656
"Emil-rico-18","ricoverati_con_sintomi","Emilia Romagna","2020-02-26",-224.55,-430.431,-224.55,-430.431,0.418,0.425,-233.914,-421.734,-233.914,-421.734
"Emil-rico-19","ricoverati_con_sintomi","Emilia Romagna","2020-02-26",-224.55,-430.431,-224.55,-430.431,0.254,0.074,-222.108,-440.051,-222.108,-440.051
"Emil-isol-0","isolamento_domiciliare","Emilia Romagna","2020-02-26",-224.55,-430.431,-224.55,-430.431,0.835,0.315,-216.303,-417.888,-216.303,-417.888
"Emil-isol-1","isolamento_domiciliare","Emilia Romagna","2020-02-26",-224.55,-430.431,-224.55,-430.431,0.901,0.957,-234.573,-431.711,-234.573,-431.711
"Emil-isol-2","isolamento_domiciliare","Emilia Romagna","2020-02-26",-224.55,-430.431,-224.55,-430.431,0.765,0.648,-208.652,-433.424,-208.652,-433.424
"Emil-isol-3","isolamento_domiciliare","Emilia Romagna","2020-02-26",-224.55,-430.431,-224.55,-430.431,0.975,0.731,-229.099,-414.536,-229.099,-414.536
"Emil-isol-4","isolamento_domiciliare","Emilia Romagna","2020-02-26",-224.55,-430.431,-224.55,-430.431,0.833,0.824,-226.593,-442.26,-226.593,-442.26
"Emil-isol-5","isolamento_domiciliare","Emilia Romagna","2020-02-26",-224.55,-430.431,-224.55,-430.431,0.95,0.215,-212.148,-420.667,-212.148,-420.667
"Emil-isol-6","isolamento_domiciliare","Emilia Romagna","2020-02-26",-224.55,-430.431,-224.55,-430.431,0.455,0.661,-238.399,-423.943,-238.399,-423.943
"Emil-isol-7","isolamento_domiciliare","Emilia Romagna","2020-02-26",-224.55,-430.431,-224.55,-430.431,0.672,0.878,-213.467,-440.622,-213.467,-440.622
"Emil-isol-8","isolamento_domiciliare","Emilia Romagna","2020-02-26",-224.55,-430.431,-224.55,-430.431,0.565,0.795,-220.459,-415.108,-220.459,-415.108
"Emil-isol-9","isolamento_domiciliare","Emilia Romagna","2020-02-26",-224.55,-430.431,-224.55,-430.431,0.67,0.709,-234.903,-436.701,-234.903,-436.701
"Emil-isol-10","isolamento_domiciliare","Emilia Romagna","2020-02-26",-224.55,-430.431,-224.55,-430.431,0.687,0.505,-208.322,-428.436,-208.322,-428.436
"Emil-isol-11","isolamento_domiciliare","Emilia Romagna","2020-02-26",-224.55,-430.431,-224.55,-430.431,0.851,0.221,-233.584,-416.745,-233.584,-416.745
"Emil-isol-12","isolamento_domiciliare","Emilia Romagna","2020-02-26",-224.55,-430.431,-224.55,-430.431,0.605,0.769,-222.437,-445.04,-222.437,-445.04
"Emil-isol-13","isolamento_domiciliare","Emilia Romagna","2020-02-26",-224.55,-430.431,-224.55,-430.431,0.68,0.046,-211.818,-415.678,-211.818,-415.678
"Emil-isol-14","isolamento_domiciliare","Emilia Romagna","2020-02-26",-224.55,-430.431,-224.55,-430.431,0.964,0.986,-238.729,-428.931,-238.729,-428.931
"Emil-isol-15","isolamento_domiciliare","Emilia Romagna","2020-02-26",-224.55,-430.431,-224.55,-430.431,0.571,0.519,-208.982,-438.413,-208.982,-438.413
"Emil-isol-16","isolamento_domiciliare","Emilia Romagna","2020-02-26",-224.55,-430.431,-224.55,-430.431,0.757,0.759,-224.614,-412.327,-224.614,-412.327
"Emil-isol-17","isolamento_domiciliare","Emilia Romagna","2020-02-26",-224.55,-430.431,-224.55,-430.431,0.865,0.089,-235.218,-441.719,-235.218,-441.719
"Emil-isol-18","isolamento_domiciliare","Emilia Romagna","2020-02-26",-224.55,-430.431,-224.55,-430.431,0.578,0.332,-207.992,-423.447,-207.992,-423.447
"Emil-isol-19","isolamento_domiciliare","Emilia Romagna","2020-02-26",-224.55,-430.431,-224.55,-430.431,0.992,0.562,-238.07,-418.954,-238.07,-418.954
"Emil-isol-20","isolamento_domiciliare","Emilia Romagna","2020-02-26",-224.55,-430.431,-224.55,-430.431,0.539,0.529,-217.952,-442.831,-217.952,-442.831
"Emil-isol-21","isolamento_domiciliare","Emilia Romagna","2020-02-26",-224.55,-430.431,-224.55,-430.431,0.687,0.841,-215.974,-412.898,-215.974,-412.898
"Emil-isol-22","isolamento_domiciliare","Emilia Romagna","2020-02-26",-224.55,-430.431,-224.55,-430.431,0.687,0.727,-239.059,-433.921,-239.059,-433.921
"Lazi-dime-0","dimessi_guariti","Lazio","2020-02-26",555.941,1059.757,555.941,1059.757,0.997,0.03,559.091,1060.305,559.091,1060.305
"Lazi-dime-1","dimessi_guariti","Lazio","2020-02-26",555.941,1059.757,555.941,1059.757,0.999,0.384,554.717,1062.728,554.717,1062.728
"Lazi-dime-2","dimessi_guariti","Lazio","2020-02-26",555.941,1059.757,555.941,1059.757,0.998,0.783,554.806,1057.729,554.806,1057.729
"Ligu-rico-0","ricoverati_con_sintomi","Liguria","2020-02-26",-1136.01,-274.121,-1136.01,-274.121,0.379,0.003,-1134.765,-270.541,-1134.765,-270.541
"Ligu-rico-1","ricoverati_con_sintomi","Liguria","2020-02-26",-1136.01,-274.121,-1136.01,-274.121,0.165,0.771,-1139.561,-271.953,-1139.561,-271.953
"Ligu-rico-2","ricoverati_con_sintomi","Liguria","2020-02-26",-1136.01,-274.121,-1136.01,-274.121,0.234,0.696,-1135.941,-275.4,-1135.941,-275.4
"Ligu-rico-3","ricoverati_con_sintomi","Liguria","2020-02-26",-1136.01,-274.121,-1136.01,-274.121,0.352,0.336,-1138.385,-267.093,-1138.385,-267.093
"Ligu-rico-4","ricoverati_con_sintomi","Liguria","2020-02-26",-1136.01,-274.121,-1136.01,-274.121,0.147,0.304,-1140.737,-276.812,-1140.737,-276.812
"Ligu-rico-5","ricoverati_con_sintomi","Liguria","2020-02-26",-1136.01,-274.121,-1136.01,-274.121,0.166,0.66,-1129.839,-271.397,-1129.839,-271.397
"Ligu-isol-0","isolamento_domiciliare","Liguria","2020-02-26",-1136.01,-274.121,-1136.01,-274.121,0.485,0.281,-1143.182,-268.504,-1143.182,-268.504
"Ligu-isol-1","isolamento_domiciliare","Liguria","2020-02-26",-1136.01,-274.121,-1136.01,-274.121,0.541,0.755,-1137.116,-280.26,-1137.116,-280.26
"Ligu-isol-2","isolamento_domiciliare","Liguria","2020-02-26",-1136.01,-274.121,-1136.01,-274.121,0.728,0.585,-1133.588,-265.682,-1133.588,-265.682
"Ligu-isol-3","isolamento_domiciliare","Liguria","2020-02-26",-1136.01,-274.121,-1136.01,-274.121,0.765,0.067,-1144.357,-273.364,-1144.357,-273.364
"Ligu-isol-4","isolamento_domiciliare","Liguria","2020-02-26",-1136.01,-274.121,-1136.01,-274.121,0.984,0.157,-1131.015,-276.257,-1131.015,-276.257
"Lomb-dece-0","deceduti","Lombardia","2020-02-26",-675.283,-898.487,-675.283,-898.487,0.029,0.062,-673.199,-900.808,-673.199,-900.808
"Lomb-dece-1","deceduti","Lombardia","2020-02-26",-675.283,-898.487,-675.283,-898.487,0,0.237,-676.795,-904.263,-676.795,-904.263
"Lomb-dece-2","deceduti","Lombardia","2020-02-26",-675.283,-898.487,-675.283,-898.487,0.004,0.237,-669.598,-897.342,-669.598,-897.342
"Lomb-dece-3","deceduti","Lombardia","2020-02-26",-675.283,-898.487,-675.283,-898.487,0.026,0.278,-678.385,-898.952,-678.385,-898.952
"Lomb-dece-4","deceduti","Lombardia","2020-02-26",-675.283,-898.487,-675.283,-898.487,0.016,0.068,-672.05,-905.671,-672.05,-905.671
"Lomb-dece-5","deceduti","Lombardia","2020-02-26",-675.283,-898.487,-675.283,-898.487,0.024,0.125,-674.396,-895.969,-674.396,-895.969
"Lomb-dece-6","deceduti","Lombardia","2020-02-26",-675.283,-898.487,-675.283,-898.487,0.018,0.934,-681.519,-902.807,-681.519,-902.807
"Lomb-dece-7","deceduti","Lombardia","2020-02-26",-675.283,-898.487,-675.283,-898.487,0.004,0.911,-668.405,-902.195,-668.405,-902.195
"Lomb-dece-8","deceduti","Lombardia","2020-02-26",-675.283,-898.487,-675.283,-898.487,0.029,0.053,-678.987,-893.995,-678.987,-893.995
"Lomb-tera-0","terapia_intensiva","Lombardia","2020-02-26",-675.283,-898.487,-675.283,-898.487,0.068,0.632,-675.696,-909.131,-675.696,-909.131
"Lomb-tera-1","terapia_intensiva","Lombardia","2020-02-26",-675.283,-898.487,-675.283,-898.487,0.045,0.029,-668.169,-892.47,-668.169,-892.47
"Lomb-tera-2","terapia_intensiva","Lombardia","2020-02-26",-675.283,-898.487,-675.283,-898.487,0.081,0.96,-683.009,-896.956,-683.009,-896.956
"Lomb-tera-3","terapia_intensiva","Lombardia","2020-02-26",-675.283,-898.487,-675.283,-898.487,0.057,0.235,-667.311,-907.197,-667.311,-907.197
"Lomb-tera-4","terapia_intensiva","Lombardia","2020-02-26",-675.283,-898.487,-675.283,-898.487,0.097,0.438,-678.752,-889.007,-678.752,-889.007
"Lomb-tera-5","terapia_intensiva","Lombardia","2020-02-26",-675.283,-898.487,-675.283,-898.487,0.051,0.903,-680.469,-907.672,-680.469,-907.672
"Lomb-tera-6","terapia_intensiva","Lombardia","2020-02-26",-675.283,-898.487,-675.283,-898.487,0.097,0.139,-664.757,-896.104,-664.757,-896.104
"Lomb-tera-7","terapia_intensiva","Lombardia","2020-02-26",-675.283,-898.487,-675.283,-898.487,0.034,0.808,-683.57,-891.991,-683.57,-891.991
"Lomb-tera-8","terapia_intensiva","Lombardia","2020-02-26",-675.283,-898.487,-675.283,-898.487,0.067,0.305,-670.933,-910.593,-670.933,-910.593
"Lomb-tera-9","terapia_intensiva","Lombardia","2020-02-26",-675.283,-898.487,-675.283,-898.487,0.032,0.874,-672.986,-891.186,-672.986,-891.186
"Lomb-tera-10","terapia_intensiva","Lombardia","2020-02-26",-675.283,-898.487,-675.283,-898.487,0.106,0.866,-686.093,-900.875,-686.093,-900.875
"Lomb-tera-11","terapia_intensiva","Lombardia","2020-02-26",-675.283,-898.487,-675.283,-898.487,0.079,0.793,-663.68,-903.827,-663.68,-903.827
"Lomb-tera-12","terapia_intensiva","Lombardia","2020-02-26",-675.283,-898.487,-675.283,-898.487,0.056,0.859,-682.178,-885.371,-682.178,-885.371
"Lomb-tera-13","terapia_intensiva","Lombardia","2020-02-26",-675.283,-898.487,-675.283,-898.487,0.052,0.91,-679.341,-912.541,-679.341,-912.541
"Lomb-tera-14","terapia_intensiva","Lombardia","2020-02-26",-675.283,-898.487,-675.283,-898.487,0.06,0.36,-663.293,-891.328,-663.293,-891.328
"Lomb-tera-15","terapia_intensiva","Lombardia","2020-02-26",-675.283,-898.487,-675.283,-898.487,0.079,0.483,-687.658,-894.868,-687.658,-894.868
"Lomb-tera-16","terapia_intensiva","Lombardia","2020-02-26",-675.283,-898.487,-675.283,-898.487,0.041,0.482,-666.161,-912.047,-666.161,-912.047
"Lomb-tera-17","terapia_intensiva","Lombardia","2020-02-26",-675.283,-898.487,-675.283,-898.487,0.043,0.158,-674.473,-886.43,-674.473,-886.43
"Lomb-tera-18","terapia_intensiva","Lombardia","2020-02-26",-675.283,-898.487,-675.283,-898.487,0.032,0.869,-685.236,-906.17,-685.236,-906.17
"Lomb-tera-19","terapia_intensiva","Lombardia","2020-02-26",-675.283,-898.487,-675.283,-898.487,0.057,0.269,-661.153,-899.56,-661.153,-899.56
"Lomb-tera-20","terapia_intensiva","Lombardia","2020-02-26",-675.283,-898.487,-675.283,-898.487,0.117,0.901,-686.46,-887.913,-686.46,-887.913
"Lomb-tera-21","terapia_intensiva","Lombardia","2020-02-26",-675.283,-898.487,-675.283,-898.487,0.068,0.418,-674.568,-914.016,-674.568,-914.016
"Lomb-tera-22","terapia_intensiva","Lombardia","2020-02-26",-675.283,-898.487,-675.283,-898.487,0.033,0.651,-666.684,-887.702,-666.684,-887.702
"Lomb-tera-23","terapia_intensiva","Lombardia","2020-02-26",-675.283,-898.487,-675.283,-898.487,0.042,0.136,-690.641,-898.87,-690.641,-898.87
"Lomb-tera-24","terapia_intensiva","Lombardia","2020-02-26",-675.283,-898.487,-675.283,-898.487,0.114,0.814,-662.519,-908.649,-662.519,-908.649
"Lomb-rico-0","ricoverati_con_sintomi","Lombardia","2020-02-26",-675.283,-898.487,-675.283,-898.487,0.213,0.462,-677.905,-882.818,-677.905,-882.818
"Lomb-rico-1","ricoverati_con_sintomi","Lombardia","2020-02-26",-675.283,-898.487,-675.283,-898.487,0.168,0.519,-684.12,-911.083,-684.12,-911.083
"Lomb-rico-2","ricoverati_con_sintomi","Lombardia","2020-02-26",-675.283,-898.487,-675.283,-898.487,0.131,0.505,-659.72,-894.777,-659.72,-894.777
"Lomb-rico-3","ricoverati_con_sintomi","Lombardia","2020-02-26",-675.283,-898.487,-675.283,-898.487,0.296,0.205,-690.543,-890.788,-690.543,-890.788
"Lomb-rico-4","ricoverati_con_sintomi","Lombardia","2020-02-26",-675.283,-898.487,-675.283,-898.487,0.431,0.129,-669.783,-915.462,-669.783,-915.462
"Lomb-rico-5","ricoverati_con_sintomi","Lombardia","2020-02-26",-675.283,-898.487,-675.283,-898.487,0.162,0.443,-670.087,-884.062,-670.087,-884.062
"Lomb-rico-6","ricoverati_con_sintomi","Lombardia","2020-02-26",-675.283,-898.487,-675.283,-898.487,0.216,0.237,-689.834,-904.207,-689.834,-904.207
"Lomb-rico-7","ricoverati_con_sintomi","Lombardia","2020-02-26",-675.283,-898.487,-675.283,-898.487,0.281,0.979,-658.659,-903.88,-658.659,-903.88
"Lomb-rico-8","ricoverati_con_sintomi","Lombardia","2020-02-26",-675.283,-898.487,-675.283,-898.487,0.423,0.552,-686.528,-882.913,-686.528,-882.913
"Lomb-rico-9","ricoverati_con_sintomi","Lombardia","2020-02-26",-675.283,-898.487,-675.283,-898.487,0.226,0.514,-678.199,-917.443,-678.199,-917.443
"Lomb-rico-10","ricoverati_con_sintomi","Lombardia","2020-02-26",-675.283,-898.487,-675.283,-898.487,0.322,0.12,-661.835,-886.528,-661.835,-886.528
"Lomb-rico-11","ricoverati_con_sintomi","Lombardia","2020-02-26",-675.283,-898.487,-675.283,-898.487,0.392,0.21,-695.225,-896.946,-695.225,-896.946
"Lomb-rico-12","ricoverati_con_sintomi","Lombardia","2020-02-26",-675.283,-898.487,-675.283,-898.487,0.212,0.236,-661.389,-913.523,-661.389,-913.523
"Lomb-rico-13","ricoverati_con_sintomi","Lombardia","2020-02-26",-675.283,-898.487,-675.283,-898.487,0.357,0.771,-673.532,-880.446,-673.532,-880.446
"Lomb-rico-14","ricoverati_con_sintomi","Lombardia","2020-02-26",-675.283,-898.487,-675.283,-898.487,0.362,0.221,-688.886,-909.579,-688.886,-909.579
"Lomb-rico-15","ricoverati_con_sintomi","Lombardia","2020-02-26",-675.283,-898.487,-675.283,-898.487,0.261,0.922,-656.294,-898.38,-656.294,-898.38
"Lomb-rico-16","ricoverati_con_sintomi","Lombardia","2020-02-26",-675.283,-898.487,-675.283,-898.487,0.182,0.637,-690.816,-885.454,-690.816,-885.454
"Lomb-rico-17","ricoverati_con_sintomi","Lombardia","2020-02-26",-675.283,-898.487,-675.283,-898.487,0.36,0.664,-673.413,-918.887,-673.413,-918.887
"Lomb-rico-18","ricoverati_con_sintomi","Lombardia","2020-02-26",-675.283,-898.487,-675.283,-898.487,0.258,0.908,-665.23,-882.894,-665.23,-882.894
"Lomb-rico-19","ricoverati_con_sintomi","Lombardia","2020-02-26",-675.283,-898.487,-675.283,-898.487,0.411,0.123,-694.69,-901.83,-694.69,-901.83
"Lomb-rico-20","ricoverati_con_sintomi","Lombardia","2020-02-26",-675.283,-898.487,-675.283,-898.487,0.401,0.992,-657.765,-910.159,-657.765,-910.159
"Lomb-rico-21","ricoverati_con_sintomi","Lombardia","2020-02-26",-675.283,-898.487,-675.283,-898.487,0.127,0.399,-682.233,-880.37,-682.233,-880.37
"Lomb-rico-22","ricoverati_con_sintomi","Lombardia","2020-02-26",-675.283,-898.487,-675.283,-898.487,0.29,0.677,-682.972,-915.968,-682.972,-915.968
"Lomb-rico-23","ricoverati_con_sintomi","Lombardia","2020-02-26",-675.283,-898.487,-675.283,-898.487,0.435,0.256,-658.28,-890.016,-658.28,-890.016
"Lomb-rico-24","ricoverati_con_sintomi","Lombardia","2020-02-26",-675.283,-898.487,-675.283,-898.487,0.365,0.778,-695.379,-892.028,-695.379,-892.028
"Lomb-rico-25","ricoverati_con_sintomi","Lombardia","2020-02-26",-675.283,-898.487,-675.283,-898.487,0.24,0.377,-665.007,-916.912,-665.007,-916.912
"Lomb-rico-26","ricoverati_con_sintomi","Lombardia","2020-02-26",-675.283,-898.487,-675.283,-898.487,0.271,0.098,-672.093,-875.672,-672.093,-875.672
"Lomb-rico-27","ricoverati_con_sintomi","Lombardia","2020-02-26",-675.283,-898.487,-675.283,-898.487,0.252,0.551,-693.419,-911.678,-693.419,-911.678
"Lomb-rico-28","ricoverati_con_sintomi","Lombardia","2020-02-26",-675.283,-898.487,-675.283,-898.487,0.347,0.706,-652.838,-901.952,-652.838,-901.952
"Lomb-rico-29","ricoverati_con_sintomi","Lombardia","2020-02-26",-675.283,-898.487,-675.283,-898.487,0.118,0.051,-690.854,-880.41,-690.854,-880.41
"Lomb-rico-30","ricoverati_con_sintomi","Lombardia","2020-02-26",-675.283,-898.487,-675.283,-898.487,0.331,0.35,-676.999,-922.358,-676.999,-922.358
"Lomb-rico-31","ricoverati_con_sintomi","Lombardia","2020-02-26",-675.283,-898.487,-675.283,-898.487,0.268,0.108,-660.379,-881.715,-660.379,-881.715
"Lomb-rico-32","ricoverati_con_sintomi","Lombardia","2020-02-26",-675.283,-898.487,-675.283,-898.487,0.151,0.435,-699.27,-899.862,-699.27,-899.862
"Lomb-rico-33","ricoverati_con_sintomi","Lombardia","2020-02-26",-675.283,-898.487,-675.283,-898.487,0.218,0.368,-656.479,-914.959,-656.479,-914.959
"Lomb-rico-34","ricoverati_con_sintomi","Lombardia","2020-02-26",-675.283,-898.487,-675.283,-898.487,0.227,0.099,-677.867,-877.801,-677.867,-877.801
"Lomb-rico-35","ricoverati_con_sintomi","Lombardia","2020-02-26",-675.283,-898.487,-675.283,-898.487,0.427,0.516,-687.755,-914.512,-687.755,-914.512
"Lomb-rico-36","ricoverati_con_sintomi","Lombardia","2020-02-26",-675.283,-898.487,-675.283,-898.487,0.269,0.939,-654.837,-893.622,-654.837,-893.622
"Lomb-rico-37","ricoverati_con_sintomi","Lombardia","2020-02-26",-675.283,-898.487,-675.283,-898.487,0.153,0.568,-695.541,-887.061,-695.541,-887.061
"Lomb-rico-38","ricoverati_con_sintomi","Lombardia","2020-02-26",-675.283,-898.487,-675.283,-898.487,0.346,0.807,-668.636,-920.333,-668.636,-920.333
"Lomb-rico-39","ricoverati_con_sintomi","Lombardia","2020-02-26",-675.283,-898.487,-675.283,-898.487,0.388,0.885,-668.652,-879.271,-668.652,-879.271
"Lomb-rico-40","ricoverati_con_sintomi","Lombardia","2020-02-26",-675.283,-898.487,-675.283,-898.487,0.327,0.815,-694.129,-906.762,-694.129,-906.762
"Lomb-rico-41","ricoverati_con_sintomi","Lombardia","2020-02-26",-675.283,-898.487,-675.283,-898.487,0.209,0.463,-654.224,-906.693,-654.224,-906.693
"Lomb-rico-42","ricoverati_con_sintomi","Lombardia","2020-02-26",-675.283,-898.487,-675.283,-898.487,0.406,0.963,-686.557,-877.873,-686.557,-877.873
"Lomb-rico-43","ricoverati_con_sintomi","Lombardia","2020-02-26",-675.283,-898.487,-675.283,-898.487,0.179,0.745,-681.784,-920.922,-681.784,-920.922
"Lomb-rico-44","ricoverati_con_sintomi","Lombardia","2020-02-26",-675.283,-898.487,-675.283,-898.487,0.437,0.595,-656.855,-885.244,-656.855,-885.244
"Lomb-rico-45","ricoverati_con_sintomi","Lombardia","2020-02-26",-675.283,-898.487,-675.283,-898.487,0.23,0.538,-699.668,-894.668,-699.668,-894.668
"Lomb-rico-46","ricoverati_con_sintomi","Lombardia","2020-02-26",-675.283,-898.487,-675.283,-898.487,0.258,0.08,-660.133,-918.352,-660.133,-918.352
"Lomb-rico-47","ricoverati_con_sintomi","Lombardia","2020-02-26",-675.283,-898.487,-675.283,-898.487,0.409,0.351,-676.128,-872.771,-676.128,-872.771
"Lomb-rico-48","ricoverati_con_sintomi","Lombardia","2020-02-26",-675.283,-898.487,-675.283,-898.487,0.271,0.669,-692.334,-916.498,-692.334,-916.498
"Lomb-rico-49","ricoverati_con_sintomi","Lombardia","2020-02-26",-675.283,-898.487,-675.283,-898.487,0.179,0.24,-651.39,-897.241,-651.39,-897.241
"Lomb-rico-50","ricoverati_con_sintomi","Lombardia","2020-02-26",-675.283,-898.487,-675.283,-898.487,0.28,0.351,-695.551,-882.081,-695.551,-882.081
"Lomb-rico-51","ricoverati_con_sintomi","Lombardia","2020-02-26",-675.283,-898.487,-675.283,-898.487,0.143,0.809,-672.224,-923.8,-672.224,-923.8
"Lomb-rico-52","ricoverati_con_sintomi","Lombardia","2020-02-26",-675.283,-898.487,-675.283,-898.487,0.45,0.175,-663.79,-878.087,-663.79,-878.087
"Lomb-rico-53","ricoverati_con_sintomi","Lombardia","2020-02-26",-675.283,-898.487,-675.283,-898.487,0.363,0.038,-698.744,-904.832,-698.744,-904.832
"Lomb-rico-54","ricoverati_con_sintomi","Lombardia","2020-02-26",-675.283,-898.487,-675.283,-898.487,0.165,0.234,-652.9,-911.498,-652.9,-911.498
"Lomb-rico-55","ricoverati_con_sintomi","Lombardia","2020-02-26",-675.283,-898.487,-675.283,-898.487,0.215,0.796,-682.233,-875.371,-682.233,-875.371
"Lomb-rico-56","ricoverati_con_sintomi","Lombardia","2020-02-26",-675.283,-898.487,-675.283,-898.487,0.233,0.626,-686.558,-919.447,-686.558,-919.447
"Lomb-rico-57","ricoverati_con_sintomi","Lombardia","2020-02-26",-675.283,-898.487,-675.283,-898.487,0.153,0.19,-653.402,-888.849,-653.402,-888.849
"Lomb-rico-58","ricoverati_con_sintomi","Lombardia","2020-02-26",-675.283,-898.487,-675.283,-898.487,0.142,0.867,-699.806,-889.673,-699.806,-889.673
"Lomb-rico-59","ricoverati_con_sintomi","Lombardia","2020-02-26",-675.283,-898.487,-675.283,-898.487,0.395,0.33,-663.779,-921.762,-663.779,-921.762
"Lomb-rico-60","ricoverati_con_sintomi","Lombardia","2020-02-26",-675.283,-898.487,-675.283,-898.487,0.396,0.572,-667.242,-874.479,-667.242,-874.479
"Lomb-rico-61","ricoverati_con_sintomi","Lombardia","2020-02-26",-675.283,-898.487,-675.283,-898.487,0.276,0.256,-698.107,-909.788,-698.107,-909.788
"Lomb-rico-62","ricoverati_con_sintomi","Lombardia","2020-02-26",-675.283,-898.487,-675.283,-898.487,0.137,0.091,-647.986,-900.88,-647.986,-900.88
"Lomb-rico-63","ricoverati_con_sintomi","Lombardia","2020-02-26",-675.283,-898.487,-675.283,-898.487,0.23,0.487,-690.885,-875.376,-690.885,-875.376
"Lomb-rico-64","ricoverati_con_sintomi","Lombardia","2020-02-26",-675.283,-898.487,-675.283,-898.487,0.448,0.195,-680.601,-925.817,-680.601,-925.817
"Lomb-rico-65","ricoverati_con_sintomi","Lombardia","2020-02-26",-675.283,-898.487,-675.283,-898.487,0.362,0.861,-655.439,-880.462,-655.439,-880.462
"Lomb-rico-66","ricoverati_con_sintomi","Lombardia","2020-02-26",-675.283,-898.487,-675.283,-898.487,0.288,0.44,-703.722,-897.591,-703.722,-897.591
"Lomb-rico-67","ricoverati_con_sintomi","Lombardia","2020-02-26",-675.283,-898.487,-675.283,-898.487,0.236,0.303,-655.262,-919.8,-655.262,-919.8
"Lomb-rico-68","ricoverati_con_sintomi","Lombardia","2020-02-26",-675.283,-898.487,-675.283,-898.487,0.121,0.06,-680.637,-870.64,-680.637,-870.64
"Lomb-rico-69","ricoverati_con_sintomi","Lombardia","2020-02-26",-675.283,-898.487,-675.283,-898.487,0.401,0.025,-691.174,-921.34,-691.174,-921.34
"Lomb-rico-70","ricoverati_con_sintomi","Lombardia","2020-02-26",-675.283,-898.487,-675.283,-898.487,0.344,0.584,-649.953,-892.467,-649.953,-892.467
"Lomb-rico-71","ricoverati_con_sintomi","Lombardia","2020-02-26",-675.283,-898.487,-675.283,-898.487,0.19,0.397,-699.944,-884.679,-699.944,-884.679
"Lomb-rico-72","ricoverati_con_sintomi","Lombardia","2020-02-26",-675.283,-898.487,-675.283,-898.487,0.42,0.075,-667.414,-925.186,-667.414,-925.186
"Lomb-rico-73","ricoverati_con_sintomi","Lombardia","2020-02-26",-675.283,-898.487,-675.283,-898.487,0.359,0.187,-662.394,-873.28,-662.394,-873.28
"Lomb-rico-74","ricoverati_con_sintomi","Lombardia","2020-02-26",-675.283,-898.487,-675.283,-898.487,0.44,0.76,-702.743,-907.835,-702.743,-907.835
"Lomb-rico-75","ricoverati_con_sintomi","Lombardia","2020-02-26",-675.283,-898.487,-675.283,-898.487,0.344,0.107,-649.285,-907.527,-649.285,-907.527
"Lomb-rico-76","ricoverati_con_sintomi","Lombardia","2020-02-26",-675.283,-898.487,-675.283,-898.487,0.21,0.062,-686.562,-872.873,-686.562,-872.873
"Lomb-rico-77","ricoverati_con_sintomi","Lombardia","2020-02-26",-675.283,-898.487,-675.283,-898.487,0.249,0.492,-685.388,-924.384,-685.388,-924.384
"Lomb-rico-78","ricoverati_con_sintomi","Lombardia","2020-02-26",-675.283,-898.487,-675.283,-898.487,0.237,0.33,-651.987,-884.067,-651.987,-884.067
"Lomb-isol-0","isolamento_domiciliare","Lombardia","2020-02-26",-675.283,-898.487,-675.283,-898.487,0.832,0.372,-704.06,-892.292,-704.06,-892.292
"Lomb-isol-1","isolamento_domiciliare","Lombardia","2020-02-26",-675.283,-898.487,-675.283,-898.487,0.57,0.576,-658.918,-923.202,-658.918,-923.202
"Lomb-isol-2","isolamento_domiciliare","Lombardia","2020-02-26",-675.283,-898.487,-675.283,-898.487,0.93,0.862,-670.696,-870.88,-670.696,-870.88
"Lomb-isol-3","isolamento_domiciliare","Lombardia","2020-02-26",-675.283,-898.487,-675.283,-898.487,0.685,0.348,-697.366,-914.728,-697.366,-914.728
"Lomb-isol-4","isolamento_domiciliare","Lombardia","2020-02-26",-675.283,-898.487,-675.283,-898.487,0.823,0.14,-646.514,-896.112,-646.514,-896.112
"Lomb-isol-5","isolamento_domiciliare","Lombardia","2020-02-26",-675.283,-898.487,-675.283,-898.487,0.832,0.462,-695.581,-877.095,-695.581,-877.095
"Lomb-isol-6","isolamento_domiciliare","Lombardia","2020-02-26",-675.283,-898.487,-675.283,-898.487,0.791,0.295,-675.818,-927.266,-675.818,-927.266
"Lomb-isol-7","isolamento_domiciliare","Lombardia","2020-02-26",-675.283,-898.487,-675.283,-898.487,0.903,0.309,-658.939,-876.895,-658.939,-876.895
"Lomb-isol-8","isolamento_domiciliare","Lombardia","2020-02-26",-675.283,-898.487,-675.283,-898.487,0.913,0.663,-703.354,-902.743,-703.354,-902.743
"Lomb-isol-9","isolamento_domiciliare","Lombardia","2020-02-26",-675.283,-898.487,-675.283,-898.487,0.701,0.872,-651.665,-916.334,-651.665,-916.334
"Lomb-isol-10","isolamento_domiciliare","Lombardia","2020-02-26",-675.283,-898.487,-675.283,-898.487,0.956,0.446,-684.959,-868.141,-684.959,-868.141
"Lomb-isol-11","isolamento_domiciliare","Lombardia","2020-02-26",-675.283,-898.487,-675.283,-898.487,0.929,0.153,-690.041,-926.195,-690.041,-926.195
"Lomb-isol-12","isolamento_domiciliare","Lombardia","2020-02-26",-675.283,-898.487,-675.283,-898.487,0.824,0.358,-648.532,-887.68,-648.532,-887.68
"Lomb-isol-13","isolamento_domiciliare","Lombardia","2020-02-26",-675.283,-898.487,-675.283,-898.487,0.825,0.032,-704.201,-887.294,-704.201,-887.294
"Lomb-isol-14","isolamento_domiciliare","Lombardia","2020-02-26",-675.283,-898.487,-675.283,-898.487,0.843,0.407,-662.568,-926.613,-662.568,-926.613
"Lomb-isol-15","isolamento_domiciliare","Lombardia","2020-02-26",-675.283,-898.487,-675.283,-898.487,0.864,0.479,-665.849,-869.673,-665.849,-869.673
"Lomb-isol-16","isolamento_domiciliare","Lombardia","2020-02-26",-675.283,-898.487,-675.283,-898.487,0.9,0.257,-702.019,-912.901,-702.019,-912.901
"Lomb-isol-17","isolamento_domiciliare","Lombardia","2020-02-26",-675.283,-898.487,-675.283,-898.487,0.747,0.505,-645.029,-904.903,-645.029,-904.903
"Lomb-isol-18","isolamento_domiciliare","Lombardia","2020-02-26",-675.283,-898.487,-675.283,-898.487,0.609,0.902,-690.891,-870.379,-690.891,-870.379
"Lomb-isol-19","isolamento_domiciliare","Lombardia","2020-02-26",-675.283,-898.487,-675.283,-898.487,0.934,0.883,-684.191,-929.29,-684.191,-929.29
"Lomb-isol-20","isolamento_domiciliare","Lombardia","2020-02-26",-675.283,-898.487,-675.283,-898.487,0.84,0.309,-650.578,-879.275,-650.578,-879.275
"Lomb-isol-21","isolamento_domiciliare","Lombardia","2020-02-26",-675.283,-898.487,-675.283,-898.487,0.782,0.298,-708.119,-895.212,-708.119,-895.212
"Lomb-isol-22","isolamento_domiciliare","Lombardia","2020-02-26",-675.283,-898.487,-675.283,-898.487,0.769,0.026,-654.051,-924.647,-654.051,-924.647
"Lomb-isol-23","isolamento_domiciliare","Lombardia","2020-02-26",-675.283,-898.487,-675.283,-898.487,0.577,0.78,-674.752,-867.962,-674.752,-867.962
"Lomb-isol-24","isolamento_domiciliare","Lombardia","2020-02-26",-675.283,-898.487,-675.283,-898.487,0.983,0.699,-696.263,-919.603,-696.263,-919.603
"Lomb-isol-25","isolamento_domiciliare","Lombardia","2020-02-26",-675.283,-898.487,-675.283,-898.487,0.961,0.838,-641.573,-895.347,-641.573,-895.347
"Lomb-isol-26","isolamento_domiciliare","Lombardia","2020-02-26",-675.283,-898.487,-675.283,-898.487,0.643,0.277,-699.945,-879.683,-699.945,-879.683
"Lomb-isol-27","isolamento_domiciliare","Lombardia","2020-02-26",-675.283,-898.487,-675.283,-898.487,0.95,0.209,-671.008,-928.655,-671.008,-928.655
"Lomb-isol-28","isolamento_domiciliare","Lombardia","2020-02-26",-675.283,-898.487,-675.283,-898.487,0.906,0.168,-657.535,-872.096,-657.535,-872.096
"Lomb-isol-29","isolamento_domiciliare","Lombardia","2020-02-26",-675.283,-898.487,-675.283,-898.487,0.979,0.271,-707.314,-905.788,-707.314,-905.788
"Lomb-isol-30","isolamento_domiciliare","Lombardia","2020-02-26",-675.283,-898.487,-675.283,-898.487,0.709,0.503,-648.061,-912.768,-648.061,-912.768
"Lomb-isol-31","isolamento_domiciliare","Lombardia","2020-02-26",-675.283,-898.487,-675.283,-898.487,0.81,0.655,-689.289,-865.652,-689.289,-865.652
"Lomb-isol-32","isolamento_domiciliare","Lombardia","2020-02-26",-675.283,-898.487,-675.283,-898.487,0.608,0.983,-688.864,-931.045,-688.864,-931.045
"Lomb-isol-33","isolamento_domiciliare","Lombardia","2020-02-26",-675.283,-898.487,-675.283,-898.487,0.614,0.024,-647.124,-882.888,-647.124,-882.888
"Lomb-isol-34","isolamento_domiciliare","Lombardia","2020-02-26",-675.283,-898.487,-675.283,-898.487,0.475,0.88,-708.456,-889.917,-708.456,-889.917
"Lomb-isol-35","isolamento_domiciliare","Lombardia","2020-02-26",-675.283,-898.487,-675.283,-898.487,0.749,0.459,-657.705,-928.053,-657.705,-928.053
"Lomb-isol-36","isolamento_domiciliare","Lombardia","2020-02-26",-675.283,-898.487,-675.283,-898.487,0.545,0.816,-669.954,-865.938,-669.954,-865.938
"Lomb-isol-37","isolamento_domiciliare","Lombardia","2020-02-26",-675.283,-898.487,-675.283,-898.487,0.713,0.518,-701.12,-918.029,-701.12,-918.029
"Lomb-isol-38","isolamento_domiciliare","Lombardia","2020-02-26",-675.283,-898.487,-675.283,-898.487,0.564,0.966,-643.045,-900.126,-643.045,-900.126
"Lomb-isol-39","isolamento_domiciliare","Lombardia","2020-02-26",-675.283,-898.487,-675.283,-898.487,0.904,0.47,-695.581,-872.103,-695.581,-872.103
"Lomb-isol-40","isolamento_domiciliare","Lombardia","2020-02-26",-675.283,-898.487,-675.283,-898.487,0.912,0.081,-679.409,-930.737,-679.409,-930.737
"Lomb-isol-41","isolamento_domiciliare","Lombardia","2020-02-26",-675.283,-898.487,-675.283,-898.487,0.824,0.063,-654.035,-875.669,-654.035,-875.669
"Lomb-isol-42","isolamento_domiciliare","Lombardia","2020-02-26",-675.283,-898.487,-675.283,-898.487,0.78,0.91,-707.809,-900.469,-707.809,-900.469
"Lomb-isol-43","isolamento_domiciliare","Lombardia","2020-02-26",-675.283,-898.487,-675.283,-898.487,0.931,0.232,-650.452,-921.179,-650.452,-921.179
"Lomb-isol-44","isolamento_domiciliare","Lombardia","2020-02-26",-675.283,-898.487,-675.283,-898.487,0.836,0.545,-679.27,-865.831,-679.27,-865.831
"Lomb-isol-45","isolamento_domiciliare","Lombardia","2020-02-26",-675.283,-898.487,-675.283,-898.487,0.841,0.425,-695.087,-924.46,-695.087,-924.46
"Lomb-isol-46","isolamento_domiciliare","Lombardia","2020-02-26",-675.283,-898.487,-675.283,-898.487,0.573,0.721,-645.083,-891.327,-645.083,-891.327
"Lomb-isol-47","isolamento_domiciliare","Lombardia","2020-02-26",-675.283,-898.487,-675.283,-898.487,0.739,0.615,-704.34,-882.297,-704.34,-882.297
"Lomb-isol-48","isolamento_domiciliare","Lombardia","2020-02-26",-675.283,-898.487,-675.283,-898.487,0.698,0.364,-666.206,-930.041,-666.206,-930.041
"Lomb-isol-49","isolamento_domiciliare","Lombardia","2020-02-26",-675.283,-898.487,-675.283,-898.487,0.873,0.314,-660.995,-868.48,-660.995,-868.48
"Lomb-isol-50","isolamento_domiciliare","Lombardia","2020-02-26",-675.283,-898.487,-675.283,-898.487,0.755,0.748,-706.634,-910.976,-706.634,-910.976
"Lomb-isol-51","isolamento_domiciliare","Lombardia","2020-02-26",-675.283,-898.487,-675.283,-898.487,0.546,0.713,-644.041,-909.798,-644.041,-909.798
"Lomb-isol-52","isolamento_domiciliare","Lombardia","2020-02-26",-675.283,-898.487,-675.283,-898.487,0.638,0.477,-693.264,-862.622,-693.264,-862.622
"Lomb-isol-53","isolamento_domiciliare","Lombardia","2020-02-26",-675.283,-898.487,-675.283,-898.487,0.526,0.345,-687.429,-935.831,-687.429,-935.831
"Lomb-isol-54","isolamento_domiciliare","Lombardia","2020-02-26",-675.283,-898.487,-675.283,-898.487,0.929,0.947,-645.718,-878.091,-645.718,-878.091
"Lomb-isol-55","isolamento_domiciliare","Lombardia","2020-02-26",-675.283,-898.487,-675.283,-898.487,0.942,0.88,-712.517,-892.835,-712.517,-892.835
"Lomb-isol-56","isolamento_domiciliare","Lombardia","2020-02-26",-675.283,-898.487,-675.283,-898.487,0.853,0.435,-652.867,-929.506,-652.867,-929.506
"Lomb-isol-57","isolamento_domiciliare","Lombardia","2020-02-26",-675.283,-898.487,-675.283,-898.487,0.709,0.55,-674.007,-863.017,-674.007,-863.017
"Lomb-isol-58","isolamento_domiciliare","Lombardia","2020-02-26",-675.283,-898.487,-675.283,-898.487,0.772,0.234,-700.018,-922.904,-700.018,-922.904
"Lomb-isol-59","isolamento_domiciliare","Lombardia","2020-02-26",-675.283,-898.487,-675.283,-898.487,0.603,0.584,-638.174,-899.017,-638.174,-899.017
"Lomb-isol-60","isolamento_domiciliare","Lombardia","2020-02-26",-675.283,-898.487,-675.283,-898.487,0.474,0.14,-699.967,-874.685,-699.967,-874.685
"Lomb-isol-61","isolamento_domiciliare","Lombardia","2020-02-26",-675.283,-898.487,-675.283,-898.487,0.928,0.41,-674.605,-932.121,-674.605,-932.121
"Lomb-isol-62","isolamento_domiciliare","Lombardia","2020-02-26",-675.283,-898.487,-675.283,-898.487,0.989,0.541,-652.641,-870.87,-652.641,-870.87
"Lomb-isol-63","isolamento_domiciliare","Lombardia","2020-02-26",-675.283,-898.487,-675.283,-898.487,0.884,0.536,-711.771,-903.517,-711.771,-903.517
"Lomb-isol-64","isolamento_domiciliare","Lombardia","2020-02-26",-675.283,-898.487,-675.283,-898.487,0.984,0.04,-646.827,-917.609,-646.827,-917.609
"Lomb-isol-65","isolamento_domiciliare","Lombardia","2020-02-26",-675.283,-898.487,-675.283,-898.487,0.632,0.582,-683.597,-863.329,-683.597,-863.329
"Lomb-isol-66","isolamento_domiciliare","Lombardia","2020-02-26",-675.283,-898.487,-675.283,-898.487,0.865,0.14,-693.944,-929.328,-693.944,-929.328
"Lomb-isol-67","isolamento_domiciliare","Lombardia","2020-02-26",-675.283,-898.487,-675.283,-898.487,0.888,0.813,-643.661,-886.537,-643.661,-886.537
"Lomb-isol-68","isolamento_domiciliare","Lombardia","2020-02-26",-675.283,-898.487,-675.283,-898.487,0.84,0.077,-708.597,-884.916,-708.597,-884.916
"Lomb-isol-69","isolamento_domiciliare","Lombardia","2020-02-26",-675.283,-898.487,-675.283,-898.487,0.752,0.602,-661.357,-931.464,-661.357,-931.464
"Lomb-isol-70","isolamento_domiciliare","Lombardia","2020-02-26",-675.283,-898.487,-675.283,-898.487,0.908,0.744,-665.107,-864.728,-665.107,-864.728
"Lomb-isol-71","isolamento_domiciliare","Lombardia","2020-02-26",-675.283,-898.487,-675.283,-898.487,0.94,0.109,-705.773,-916.203,-705.773,-916.203
"Lomb-isol-72","isolamento_domiciliare","Lombardia","2020-02-26",-675.283,-898.487,-675.283,-898.487,0.7,0.349,-640.085,-904.16,-640.085,-904.16
"Lomb-isol-73","isolamento_domiciliare","Lombardia","2020-02-26",-675.283,-898.487,-675.283,-898.487,0.846,0.263,-695.473,-867.105,-695.473,-867.105
"Lomb-isol-74","isolamento_domiciliare","Lombardia","2020-02-26",-675.283,-898.487,-675.283,-898.487,0.952,0.258,-682.588,-934.593,-682.588,-934.593
"Lomb-isol-75","isolamento_domiciliare","Lombardia","2020-02-26",-675.283,-898.487,-675.283,-898.487,0.708,0.95,-649.178,-874.476,-649.178,-874.476
"Lomb-isol-76","isolamento_domiciliare","Lombardia","2020-02-26",-675.283,-898.487,-675.283,-898.487,0.487,0.857,-712.207,-898.091,-712.207,-898.091
"Lomb-isol-77","isolamento_domiciliare","Lombardia","2020-02-26",-675.283,-898.487,-675.283,-898.487,0.671,0.135,-649.245,-926.029,-649.245,-926.029
"Lomb-isol-78","isolamento_domiciliare","Lombardia","2020-02-26",-675.283,-898.487,-675.283,-898.487,0.764,0.941,-678.528,-860.886,-678.528,-860.886
"Lomb-isol-79","isolamento_domiciliare","Lombardia","2020-02-26",-675.283,-898.487,-675.283,-898.487,0.675,0.924,-698.839,-927.762,-698.839,-927.762
"Lomb-isol-80","isolamento_domiciliare","Lombardia","2020-02-26",-675.283,-898.487,-675.283,-898.487,0.851,0.303,-636.696,-894.241,-636.696,-894.241
"Lomb-isol-81","isolamento_domiciliare","Lombardia","2020-02-26",-675.283,-898.487,-675.283,-898.487,0.51,0.224,-704.338,-877.298,-704.338,-877.298
"Lomb-isol-82","isolamento_domiciliare","Lombardia","2020-02-26",-675.283,-898.487,-675.283,-898.487,0.816,0.685,-669.803,-933.511,-669.803,-933.511
"Lomb-isol-83","isolamento_domiciliare","Lombardia","2020-02-26",-675.283,-898.487,-675.283,-898.487,0.674,0.26,-656.139,-867.296,-656.139,-867.296
"Lomb-isol-84","isolamento_domiciliare","Lombardia","2020-02-26",-675.283,-898.487,-675.283,-898.487,0.901,0.201,-711.197,-908.936,-711.197,-908.936
"Lomb-isol-85","isolamento_domiciliare","Lombardia","2020-02-26",-675.283,-898.487,-675.283,-898.487,0.866,0.855,-642.804,-914.642,-642.804,-914.642
"Lomb-isol-86","isolamento_domiciliare","Lombardia","2020-02-26",-675.283,-898.487,-675.283,-898.487,0.815,0.897,-687.932,-860.839,-687.932,-860.839
"Lomb-isol-87","isolamento_domiciliare","Lombardia","2020-02-26",-675.283,-898.487,-675.283,-898.487,0.808,0.497,-692.756,-934.185,-692.756,-934.185
"Lomb-isol-88","isolamento_domiciliare","Lombardia","2020-02-26",-675.283,-898.487,-675.283,-898.487,0.977,0.892,-642.255,-881.741,-642.255,-881.741
"Lomb-isol-89","isolamento_domiciliare","Lombardia","2020-02-26",-675.283,-898.487,-675.283,-898.487,0.485,0.021,-712.852,-887.54,-712.852,-887.54
"Lomb-isol-90","isolamento_domiciliare","Lombardia","2020-02-26",-675.283,-898.487,-675.283,-898.487,0.673,0.73,-656.525,-932.913,-656.525,-932.913
"Lomb-isol-91","isolamento_domiciliare","Lombardia","2020-02-26",-675.283,-898.487,-675.283,-898.487,0.733,0.77,-669.281,-860.982,-669.281,-860.982
"Lomb-isol-92","isolamento_domiciliare","Lombardia","2020-02-26",-675.283,-898.487,-675.283,-898.487,0.664,0.94,-704.829,-921.383,-704.829,-921.383
"Lomb-isol-93","isolamento_domiciliare","Lombardia","2020-02-26",-675.283,-898.487,-675.283,-898.487,0.893,0.151,-635.211,-903.044,-635.211,-903.044
"Lomb-isol-94","isolamento_domiciliare","Lombardia","2020-02-26",-675.283,-898.487,-675.283,-898.487,0.662,0.745,-699.961,-869.687,-699.961,-869.687
"Lomb-isol-95","isolamento_domiciliare","Lombardia","2020-02-26",-675.283,-898.487,-675.283,-898.487,0.871,0.141,-677.784,-935.976,-677.784,-935.976
"Lomb-isol-96","isolamento_domiciliare","Lombardia","2020-02-26",-675.283,-898.487,-675.283,-898.487,0.819,0.225,-647.785,-869.674,-647.785,-869.674
"Lomb-isol-97","isolamento_domiciliare","Lombardia","2020-02-26",-675.283,-898.487,-675.283,-898.487,0.917,0.424,-716.171,-901.139,-716.171,-901.139
"Lomb-isol-98","isolamento_domiciliare","Lombardia","2020-02-26",-675.283,-898.487,-675.283,-898.487,0.86,0.348,-645.616,-922.458,-645.616,-922.458
"Lomb-isol-99","isolamento_domiciliare","Lombardia","2020-02-26",-675.283,-898.487,-675.283,-898.487,0.922,0.624,-682.855,-858.383,-682.855,-858.383
"Lomb-isol-100","isolamento_domiciliare","Lombardia","2020-02-26",-675.283,-898.487,-675.283,-898.487,0.582,0.378,-697.699,-932.631,-697.699,-932.631
"Lomb-isol-101","isolamento_domiciliare","Lombardia","2020-02-26",-675.283,-898.487,-675.283,-898.487,0.972,0.846,-640.143,-890.557,-640.143,-890.557
"Lomb-isol-102","isolamento_domiciliare","Lombardia","2020-02-26",-675.283,-898.487,-675.283,-898.487,0.562,0.44,-708.733,-879.908,-708.733,-879.908
"Lomb-isol-103","isolamento_domiciliare","Lombardia","2020-02-26",-675.283,-898.487,-675.283,-898.487,0.543,0.163,-664.994,-934.894,-664.994,-934.894
"Lomb-isol-104","isolamento_domiciliare","Lombardia","2020-02-26",-675.283,-898.487,-675.283,-898.487,0.584,0.123,-660.252,-863.535,-660.252,-863.535
"Lomb-isol-105","isolamento_domiciliare","Lombardia","2020-02-26",-675.283,-898.487,-675.283,-898.487,0.526,0.646,-710.388,-914.279,-710.388,-914.279
"Lomb-isol-106","isolamento_domiciliare","Lombardia","2020-02-26",-675.283,-898.487,-675.283,-898.487,0.818,0.167,-639.225,-911.14,-639.225,-911.14
"Lomb-isol-107","isolamento_domiciliare","Lombardia","2020-02-26",-675.283,-898.487,-675.283,-898.487,0.935,0.182,-698.257,-862.882,-698.257,-862.882
"Lomb-isol-108","isolamento_domiciliare","Lombardia","2020-02-26",-675.283,-898.487,-675.283,-898.487,0.878,0.725,-684.073,-939.537,-684.073,-939.537
"Lomb-isol-109","isolamento_domiciliare","Lombardia","2020-02-26",-675.283,-898.487,-675.283,-898.487,0.95,0.697,-640.849,-876.942,-640.849,-876.942
"Lomb-isol-110","isolamento_domiciliare","Lombardia","2020-02-26",-675.283,-898.487,-675.283,-898.487,0.848,0.468,-716.916,-890.456,-716.916,-890.456
"Lomb-isol-111","isolamento_domiciliare","Lombardia","2020-02-26",-675.283,-898.487,-675.283,-898.487,0.772,0.449,-648.06,-930.887,-648.06,-930.887
"Lomb-isol-112","isolamento_domiciliare","Lombardia","2020-02-26",-675.283,-898.487,-675.283,-898.487,0.9,0.745,-673.337,-858.061,-673.337,-858.061
"Lomb-isol-113","isolamento_domiciliare","Lombardia","2020-02-26",-675.283,-898.487,-675.283,-898.487,0.612,0.741,-703.726,-926.259,-703.726,-926.259
"Lomb-isol-114","isolamento_domiciliare","Lombardia","2020-02-26",-675.283,-898.487,-675.283,-898.487,0.711,0.473,-633.271,-898.03,-633.271,-898.03
"Lomb-isol-115","isolamento_domiciliare","Lombardia","2020-02-26",-675.283,-898.487,-675.283,-898.487,0.843,0.719,-704.362,-872.296,-704.362,-872.296
"Lomb-isol-116","isolamento_domiciliare","Lombardia","2020-02-26",-675.283,-898.487,-675.283,-898.487,0.74,0.546,-672.983,-937.37,-672.983,-937.37
"Lomb-isol-117","isolamento_domiciliare","Lombardia","2020-02-26",-675.283,-898.487,-675.283,-898.487,0.657,0.084,-651.296,-866.053,-651.296,-866.053
"Lomb-isol-118","isolamento_domiciliare","Lombardia","2020-02-26",-675.283,-898.487,-675.283,-898.487,0.731,0.569,-715.654,-906.668,-715.654,-906.668
"Lomb-isol-119","isolamento_domiciliare","Lombardia","2020-02-26",-675.283,-898.487,-675.283,-898.487,0.86,0.194,-641.591,-919.493,-641.591,-919.493
"Lomb-isol-120","isolamento_domiciliare","Lombardia","2020-02-26",-675.283,-898.487,-675.283,-898.487,0.875,0.148,-687.191,-855.893,-687.191,-855.893
"Lomb-isol-121","isolamento_domiciliare","Lombardia","2020-02-26",-675.283,-898.487,-675.283,-898.487,0.537,0.658,-696.51,-937.488,-696.51,-937.488
"Lomb-isol-122","isolamento_domiciliare","Lombardia","2020-02-26",-675.283,-898.487,-675.283,-898.487,0.504,0.123,-638.719,-885.764,-638.719,-885.764
"Lomb-isol-123","isolamento_domiciliare","Lombardia","2020-02-26",-675.283,-898.487,-675.283,-898.487,0.618,0.753,-712.991,-882.528,-712.991,-882.528
"Lomb-isol-124","isolamento_domiciliare","Lombardia","2020-02-26",-675.283,-898.487,-675.283,-898.487,0.525,0.918,-660.18,-936.325,-660.18,-936.325
"Lomb-isol-125","isolamento_domiciliare","Lombardia","2020-02-26",-675.283,-898.487,-675.283,-898.487,0.672,0.533,-664.43,-859.773,-664.43,-859.773
"Lomb-isol-126","isolamento_domiciliare","Lombardia","2020-02-26",-675.283,-898.487,-675.283,-898.487,0.695,0.178,-709.483,-919.556,-709.483,-919.556
"Lomb-isol-127","isolamento_domiciliare","Lombardia","2020-02-26",-675.283,-898.487,-675.283,-898.487,0.781,0.189,-635.3,-908.042,-635.3,-908.042
"Lomb-isol-128","isolamento_domiciliare","Lombardia","2020-02-26",-675.283,-898.487,-675.283,-898.487,0.649,0.42,-702.566,-865.419,-702.566,-865.419
"Lomb-isol-129","isolamento_domiciliare","Lombardia","2020-02-26",-675.283,-898.487,-675.283,-898.487,0.659,0.597,-679.226,-940.764,-679.226,-940.764
"Lomb-isol-130","isolamento_domiciliare","Lombardia","2020-02-26",-675.283,-898.487,-675.283,-898.487,0.82,0.191,-644.32,-873.289,-644.32,-873.289
"Lomb-isol-131","isolamento_domiciliare","Lombardia","2020-02-26",-675.283,-898.487,-675.283,-898.487,0.488,0.164,-716.606,-895.714,-716.606,-895.714
"Lomb-isol-132","isolamento_domiciliare","Lombardia","2020-02-26",-675.283,-898.487,-675.283,-898.487,0.805,0.837,-644.41,-927.31,-644.41,-927.31
"Lomb-isol-133","isolamento_domiciliare","Lombardia","2020-02-26",-675.283,-898.487,-675.283,-898.487,0.908,0.681,-677.86,-855.93,-677.86,-855.93
"Lomb-isol-134","isolamento_domiciliare","Lombardia","2020-02-26",-675.283,-898.487,-675.283,-898.487,0.817,0.988,-702.546,-931.118,-702.546,-931.118
"Lomb-isol-135","isolamento_domiciliare","Lombardia","2020-02-26",-675.283,-898.487,-675.283,-898.487,0.654,0.272,-635.267,-889.448,-635.267,-889.448
"Lomb-isol-136","isolamento_domiciliare","Lombardia","2020-02-26",-675.283,-898.487,-675.283,-898.487,0.98,0.585,-708.731,-874.909,-708.731,-874.909
"Lomb-isol-137","isolamento_domiciliare","Lombardia","2020-02-26",-675.283,-898.487,-675.283,-898.487,0.65,0.608,-668.177,-938.749,-668.177,-938.749
"Lomb-isol-138","isolamento_domiciliare","Lombardia","2020-02-26",-675.283,-898.487,-675.283,-898.487,0.508,0.452,-655.394,-862.352,-655.394,-862.352
"Lomb-isol-139","isolamento_domiciliare","Lombardia","2020-02-26",-675.283,-898.487,-675.283,-898.487,0.942,0.828,-714.952,-912.237,-714.952,-912.237
"Lomb-isol-140","isolamento_domiciliare","Lombardia","2020-02-26",-675.283,-898.487,-675.283,-898.487,0.901,0.866,-637.986,-915.983,-637.986,-915.983
"Lomb-isol-141","isolamento_domiciliare","Lombardia","2020-02-26",-675.283,-898.487,-675.283,-898.487,0.959,0.024,-691.913,-857.812,-691.913,-857.812
"Lomb-isol-142","isolamento_domiciliare","Lombardia","2020-02-26",-675.283,-898.487,-675.283,-898.487,0.626,0.303,-691.313,-938.973,-691.313,-938.973
"Lomb-isol-143","isolamento_domiciliare","Lombardia","2020-02-26",-675.283,-898.487,-675.283,-898.487,0.576,0.112,-637.314,-880.965,-637.314,-880.965
"Lomb-isol-144","isolamento_domiciliare","Lombardia","2020-02-26",-675.283,-898.487,-675.283,-898.487,0.629,0.914,-717.246,-885.154,-717.246,-885.154
"Marc-rico-0","ricoverati_con_sintomi","Marche","2020-02-26",636.09,315.866,636.09,315.866,0.303,0.16,636.777,316.632,636.777,316.632
"Piem-rico-0","ricoverati_con_sintomi","Piemonte","2020-02-26",-1499.368,-690.628,-1499.368,-690.628,0.418,0.126,-1501.395,-687.256,-1501.395,-687.256
"Piem-rico-1","ricoverati_con_sintomi","Piemonte","2020-02-26",-1499.368,-690.628,-1499.368,-690.628,0.198,0.639,-1503.111,-691.953,-1503.111,-691.953
"Piem-isol-0","isolamento_domiciliare","Piemonte","2020-02-26",-1499.368,-690.628,-1499.368,-690.628,0.752,0.932,-1498.186,-691.091,-1498.186,-691.091
"Sici-rico-0","ricoverati_con_sintomi","Sicilia","2020-02-26",1204.14,3325.597,1204.14,3325.597,0.18,0.977,1201.381,3326.347,1201.381,3326.347
"Sici-isol-0","isolamento_domiciliare","Sicilia","2020-02-26",1204.14,3325.597,1204.14,3325.597,0.785,0.507,1204.084,3322.141,1204.084,3322.141
"Sici-isol-1","isolamento_domiciliare","Sicilia","2020-02-26",1204.14,3325.597,1204.14,3325.597,0.709,0.957,1206.376,3326.584,1206.376,3326.584
"Tosc-rico-0","ricoverati_con_sintomi","Toscana","2020-02-26",-184.562,300.178,-184.562,300.178,0.248,0.493,-186.572,302.254,-186.572,302.254
"Tosc-rico-1","ricoverati_con_sintomi","Toscana","2020-02-26",-184.562,300.178,-184.562,300.178,0.399,0.553,-181.718,301.054,-181.718,301.054
"Tren-rico-0","ricoverati_con_sintomi","Trentino-Alto Adige","2020-02-26",-91.669,-1277.115,-91.669,-1277.115,0.447,0.301,-90.6,-1273.622,-90.6,-1273.622
"Tren-rico-1","ricoverati_con_sintomi","Trentino-Alto Adige","2020-02-26",-91.669,-1277.115,-91.669,-1277.115,0.354,0.337,-93.605,-1283.156,-93.605,-1283.156
"Tren-rico-2","ricoverati_con_sintomi","Trentino-Alto Adige","2020-02-26",-91.669,-1277.115,-91.669,-1277.115,0.138,0.447,-87.12,-1277.212,-87.12,-1277.212
"Tren-rico-3","ricoverati_con_sintomi","Trentino-Alto Adige","2020-02-26",-91.669,-1277.115,-91.669,-1277.115,0.305,0.795,-92.236,-1278.347,-92.236,-1278.347
"Tren-rico-4","ricoverati_con_sintomi","Trentino-Alto Adige","2020-02-26",-91.669,-1277.115,-91.669,-1277.115,0.433,0.614,-88.756,-1281.937,-88.756,-1281.937
"Tren-rico-5","ricoverati_con_sintomi","Trentino-Alto Adige","2020-02-26",-91.669,-1277.115,-91.669,-1277.115,0.419,0.377,-85.751,-1272.404,-85.751,-1272.404
"Tren-rico-6","ricoverati_con_sintomi","Trentino-Alto Adige","2020-02-26",-91.669,-1277.115,-91.669,-1277.115,0.218,0.131,-97.085,-1279.565,-97.085,-1279.565
"Tren-rico-7","ricoverati_con_sintomi","Trentino-Alto Adige","2020-02-26",-91.669,-1277.115,-91.669,-1277.115,0.238,0.05,-83.847,-1280.992,-83.847,-1280.992
"Tren-rico-8","ricoverati_con_sintomi","Trentino-Alto Adige","2020-02-26",-91.669,-1277.115,-91.669,-1277.115,0.332,0.692,-95.51,-1274.568,-95.51,-1274.568
"Tren-rico-9","ricoverati_con_sintomi","Trentino-Alto Adige","2020-02-26",-91.669,-1277.115,-91.669,-1277.115,0.401,0.216,-90.125,-1286.746,-90.125,-1286.746
"Vene-dece-0","deceduti","Veneto","2020-02-26",100.32,-940.026,100.32,-940.026,0.024,0.067,104.265,-937.908,104.265,-937.908
"Vene-dece-1","deceduti","Veneto","2020-02-26",100.32,-940.026,100.32,-940.026,0.01,0.036,99.266,-937.84,99.266,-937.84
"Vene-tera-0","terapia_intensiva","Veneto","2020-02-26",100.32,-940.026,100.32,-940.026,0.084,0.326,103.719,-942.874,103.719,-942.874
"Vene-tera-1","terapia_intensiva","Veneto","2020-02-26",100.32,-940.026,100.32,-940.026,0.031,0.622,99.775,-932.868,99.775,-932.868
"Vene-tera-2","terapia_intensiva","Veneto","2020-02-26",100.32,-940.026,100.32,-940.026,0.116,0.298,98.721,-942.807,98.721,-942.807
"Vene-tera-3","terapia_intensiva","Veneto","2020-02-26",100.32,-940.026,100.32,-940.026,0.038,0.068,108.922,-939.723,108.922,-939.723
"Vene-tera-4","terapia_intensiva","Veneto","2020-02-26",100.32,-940.026,100.32,-940.026,0.117,0.134,95.213,-934.912,95.213,-934.912
"Vene-tera-5","terapia_intensiva","Veneto","2020-02-26",100.32,-940.026,100.32,-940.026,0.115,0.273,104.475,-947.815,104.475,-947.815
"Vene-tera-6","terapia_intensiva","Veneto","2020-02-26",100.32,-940.026,100.32,-940.026,0.093,0.635,104.773,-932.937,104.773,-932.937
"Vene-tera-7","terapia_intensiva","Veneto","2020-02-26",100.32,-940.026,100.32,-940.026,0.041,0.09,94.67,-939.882,94.67,-939.882
"Vene-rico-0","ricoverati_con_sintomi","Veneto","2020-02-26",100.32,-940.026,100.32,-940.026,0.147,0.732,108.377,-944.69,108.377,-944.69
"Vene-rico-1","ricoverati_con_sintomi","Veneto","2020-02-26",100.32,-940.026,100.32,-940.026,0.222,0.833,95.723,-929.939,95.723,-929.939
"Vene-rico-2","ricoverati_con_sintomi","Veneto","2020-02-26",100.32,-940.026,100.32,-940.026,0.178,0.957,99.479,-947.746,99.479,-947.746
"Vene-rico-3","ricoverati_con_sintomi","Veneto","2020-02-26",100.32,-940.026,100.32,-940.026,0.342,0.059,109.43,-934.753,109.43,-934.753
"Vene-rico-4","ricoverati_con_sintomi","Veneto","2020-02-26",100.32,-940.026,100.32,-940.026,0.264,0.982,90.637,-936.927,90.637,-936.927
"Vene-rico-5","ricoverati_con_sintomi","Veneto","2020-02-26",100.32,-940.026,100.32,-940.026,0.308,0.977,109.13,-949.63,109.13,-949.63
"Vene-rico-6","ricoverati_con_sintomi","Veneto","2020-02-26",100.32,-940.026,100.32,-940.026,0.366,0.331,105.272,-927.964,105.272,-927.964
"Vene-rico-7","ricoverati_con_sintomi","Veneto","2020-02-26",100.32,-940.026,100.32,-940.026,0.177,0.423,94.356,-945.249,94.356,-945.249
"Vene-rico-8","ricoverati_con_sintomi","Veneto","2020-02-26",100.32,-940.026,100.32,-940.026,0.331,0.638,113.38,-941.988,113.38,-941.988
"Vene-rico-9","ricoverati_con_sintomi","Veneto","2020-02-26",100.32,-940.026,100.32,-940.026,0.279,0.885,91.688,-926.987,91.688,-926.987
"Vene-rico-10","ricoverati_con_sintomi","Veneto","2020-02-26",100.32,-940.026,100.32,-940.026,0.449,0.568,101.922,-952.114,101.922,-952.114
"Vene-rico-11","ricoverati_con_sintomi","Veneto","2020-02-26",100.32,-940.026,100.32,-940.026,0.199,0.149,109.922,-929.779,109.922,-929.779
"Vene-rico-12","ricoverati_con_sintomi","Veneto","2020-02-26",100.32,-940.026,100.32,-940.026,0.356,0.334,90.092,-941.894,90.092,-941.894
"Vene-rico-13","ricoverati_con_sintomi","Veneto","2020-02-26",100.32,-940.026,100.32,-940.026,0.33,0.339,113.369,-946.988,113.369,-946.988
"Vene-rico-14","ricoverati_con_sintomi","Veneto","2020-02-26",100.32,-940.026,100.32,-940.026,0.285,0.857,100.279,-927.893,100.279,-927.893
"Vene-rico-15","ricoverati_con_sintomi","Veneto","2020-02-26",100.32,-940.026,100.32,-940.026,0.214,0.172,96.926,-952.043,96.926,-952.043
"Vene-isol-0","isolamento_domiciliare","Veneto","2020-02-26",100.32,-940.026,100.32,-940.026,0.476,0.822,113.888,-937.015,113.888,-937.015
"Vene-isol-1","isolamento_domiciliare","Veneto","2020-02-26",100.32,-940.026,100.32,-940.026,0.642,0.678,91.154,-931.956,91.154,-931.956
"Vene-isol-2","isolamento_domiciliare","Veneto","2020-02-26",100.32,-940.026,100.32,-940.026,0.49,0.617,106.58,-953.925,106.58,-953.925
"Vene-isol-3","isolamento_domiciliare","Veneto","2020-02-26",100.32,-940.026,100.32,-940.026,0.923,0.981,109.173,-924.837,109.173,-924.837
"Vene-isol-4","isolamento_domiciliare","Veneto","2020-02-26",100.32,-940.026,100.32,-940.026,0.563,0.223,88.945,-946.759,88.945,-946.759
"Vene-isol-5","isolamento_domiciliare","Veneto","2020-02-26",100.32,-940.026,100.32,-940.026,0.759,0.339,117.843,-944.758,117.843,-944.758
"Vene-isol-6","isolamento_domiciliare","Veneto","2020-02-26",100.32,-940.026,100.32,-940.026,0.864,0.186,96.245,-924.939,96.245,-924.939
"Vene-isol-7","isolamento_domiciliare","Veneto","2020-02-26",100.32,-940.026,100.32,-940.026,0.723,0.756,98.067,-956.909,98.067,-956.909
"Vene-isol-8","isolamento_domiciliare","Veneto","2020-02-26",100.32,-940.026,100.32,-940.026,0.913,0.916,114.378,-932.039,114.378,-932.039
"Vene-isol-9","isolamento_domiciliare","Veneto","2020-02-26",100.32,-940.026,100.32,-940.026,0.453,0.304,86.059,-938.935,86.059,-938.935
"Vene-isol-10","isolamento_domiciliare","Veneto","2020-02-26",100.32,-940.026,100.32,-940.026,0.556,0.833,113.299,-952.392,113.299,-952.392
"Vene-isol-11","isolamento_domiciliare","Veneto","2020-02-26",100.32,-940.026,100.32,-940.026,0.637,0.976,104.3,-923.062,104.3,-923.062
"Vene-isol-12","isolamento_domiciliare","Veneto","2020-02-26",100.32,-940.026,100.32,-940.026,0.855,0.358,92.142,-950.601,92.142,-950.601
"Vene-isol-13","isolamento_domiciliare","Veneto","2020-02-26",100.32,-940.026,100.32,-940.026,0.506,0.903,118.063,-939.765,118.063,-939.765
"Vene-isol-14","isolamento_domiciliare","Veneto","2020-02-26",100.32,-940.026,100.32,-940.026,0.783,0.025,87.11,-928.992,87.11,-928.992
"Vene-isol-15","isolamento_domiciliare","Veneto","2020-02-26",100.32,-940.026,100.32,-940.026,0.865,0.729,103.036,-957.451,103.036,-957.451
"Vene-isol-16","isolamento_domiciliare","Veneto","2020-02-26",100.32,-940.026,100.32,-940.026,0.812,0.744,114.109,-927.043,114.109,-927.043
"Vene-isol-17","isolamento_domiciliare","Veneto","2020-02-26",100.32,-940.026,100.32,-940.026,0.593,0.697,84.919,-943.801,84.919,-943.801
"Vene-isol-18","isolamento_domiciliare","Veneto","2020-02-26",100.32,-940.026,100.32,-940.026,0.772,0.543,117.541,-949.746,117.541,-949.746
"Vene-isol-19","isolamento_domiciliare","Veneto","2020-02-26",100.32,-940.026,100.32,-940.026,0.586,0.319,99.635,-921.263,99.635,-921.263
"Vene-isol-20","isolamento_domiciliare","Veneto","2020-02-26",100.32,-940.026,100.32,-940.026,0.892,0.201,93.281,-955.47,93.281,-955.47
"Vene-isol-21","isolamento_domiciliare","Veneto","2020-02-26",100.32,-940.026,100.32,-940.026,0.804,0.848,118.552,-934.789,118.552,-934.789
"Vene-isol-22","isolamento_domiciliare","Veneto","2020-02-26",100.32,-940.026,100.32,-940.026,0.6,0.458,86.576,-933.963,86.576,-933.963
"Vene-isol-23","isolamento_domiciliare","Veneto","2020-02-26",100.32,-940.026,100.32,-940.026,0.475,0.762,108.597,-958.501,108.597,-958.501
"Vene-isol-24","isolamento_domiciliare","Veneto","2020-02-26",100.32,-940.026,100.32,-940.026,0.944,0.626,108.2,-919.933,108.2,-919.933
"Vene-isol-25","isolamento_domiciliare","Veneto","2020-02-26",100.32,-940.026,100.32,-940.026,0.543,0.404,87.215,-951.451,87.215,-951.451
"Vene-isol-26","isolamento_domiciliare","Veneto","2020-02-26",100.32,-940.026,100.32,-940.026,0.759,0.122,122.316,-942.523,122.316,-942.523
"Vene-isol-27","isolamento_domiciliare","Veneto","2020-02-26",100.32,-940.026,100.32,-940.026,0.962,0.912,90.197,-922.215,90.197,-922.215
"Vene-isol-28","isolamento_domiciliare","Veneto","2020-02-26",100.32,-940.026,100.32,-940.026,0.946,0.537,100.082,-961.486,100.082,-961.486
"Vene-isol-29","isolamento_domiciliare","Veneto","2020-02-26",100.32,-940.026,100.32,-940.026,0.841,0.915,118.567,-929.307,118.567,-929.307
"Vene-isol-30","isolamento_domiciliare","Veneto","2020-02-26",100.32,-940.026,100.32,-940.026,0.462,0.193,80.877,-940.858,80.877,-940.858
"Vene-isol-31","isolamento_domiciliare","Veneto","2020-02-26",100.32,-940.026,100.32,-940.026,0.923,0.488,117.713,-954.743,117.713,-954.743
"Vene-isol-32","isolamento_domiciliare","Veneto","2020-02-26",100.32,-940.026,100.32,-940.026,0.838,0.724,103.525,-918.121,103.525,-918.121
"Vene-isol-33","isolamento_domiciliare","Veneto","2020-02-26",100.32,-940.026,100.32,-940.026,0.541,0.399,88.354,-956.32,88.354,-956.32
"Vene-isol-34","isolamento_domiciliare","Veneto","2020-02-26",100.32,-940.026,100.32,-940.026,0.498,0.64,122.727,-937.54,122.727,-937.54
"Vene-isol-35","isolamento_domiciliare","Veneto","2020-02-26",100.32,-940.026,100.32,-940.026,0.529,0.533,82.537,-931.015,82.537,-931.015
"Vene-isol-36","isolamento_domiciliare","Veneto","2020-02-26",100.32,-940.026,100.32,-940.026,0.744,0.98,105.053,-962.027,105.053,-962.027
"Vene-isol-37","isolamento_domiciliare","Veneto","2020-02-26",100.32,-940.026,100.32,-940.026,0.462,0.82,113.358,-922.1,113.358,-922.1
"Vene-isol-38","isolamento_domiciliare","Veneto","2020-02-26",100.32,-940.026,100.32,-940.026,0.494,0.007,83.186,-948.491,83.186,-948.491
"Vene-isol-39","isolamento_domiciliare","Veneto","2020-02-26",100.32,-940.026,100.32,-940.026,0.503,0.833,122.015,-947.514,122.015,-947.514
"Vene-isol-40","isolamento_domiciliare","Veneto","2020-02-26",100.32,-940.026,100.32,-940.026,0.606,0.851,94.757,-920.165,94.757,-920.165
"Vene-isol-41","isolamento_domiciliare","Veneto","2020-02-26",100.32,-940.026,100.32,-940.026,0.658,0.689,94.426,-960.337,94.426,-960.337
"Vene-isol-42","isolamento_domiciliare","Veneto","2020-02-26",100.32,-940.026,100.32,-940.026,0.566,0.557,122.741,-932.059,122.741,-932.059
"Vene-isol-43","isolamento_domiciliare","Veneto","2020-02-26",100.32,-940.026,100.32,-940.026,0.689,0.97,82.004,-935.987,82.004,-935.987
"Vene-isol-44","isolamento_domiciliare","Veneto","2020-02-26",100.32,-940.026,100.32,-940.026,0.453,0.306,113.47,-957.389,113.47,-957.389